-- MySQL dump 10.13  Distrib 8.0.31, for Win64 (x86_64)
--
-- Host: 127.0.0.1    Database: trainbookingsystem
-- ------------------------------------------------------
-- Server version	8.0.31

/*!40101 SET @OLD_CHARACTER_SET_CLIENT=@@CHARACTER_SET_CLIENT */;
/*!40101 SET @OLD_CHARACTER_SET_RESULTS=@@CHARACTER_SET_RESULTS */;
/*!40101 SET @OLD_COLLATION_CONNECTION=@@COLLATION_CONNECTION */;
/*!50503 SET NAMES utf8 */;
/*!40103 SET @OLD_TIME_ZONE=@@TIME_ZONE */;
/*!40103 SET TIME_ZONE='+00:00' */;
/*!40014 SET @OLD_UNIQUE_CHECKS=@@UNIQUE_CHECKS, UNIQUE_CHECKS=0 */;
/*!40014 SET @OLD_FOREIGN_KEY_CHECKS=@@FOREIGN_KEY_CHECKS, FOREIGN_KEY_CHECKS=0 */;
/*!40101 SET @OLD_SQL_MODE=@@SQL_MODE, SQL_MODE='NO_AUTO_VALUE_ON_ZERO' */;
/*!40111 SET @OLD_SQL_NOTES=@@SQL_NOTES, SQL_NOTES=0 */;

--
-- Table structure for table `passenger`
--

DROP TABLE IF EXISTS `passenger`;
/*!40101 SET @saved_cs_client     = @@character_set_client */;
/*!50503 SET character_set_client = utf8mb4 */;
CREATE TABLE `passenger` (
  `Passenger_id` int NOT NULL AUTO_INCREMENT,
  `User_id` int DEFAULT NULL,
  `Passenger_name` varchar(50) DEFAULT NULL,
  `Gender` char(1) DEFAULT NULL,
  `Reservation_status` tinyint(1) DEFAULT NULL,
  `PNR` int DEFAULT NULL,
  `Train_no` int DEFAULT NULL,
  `SeatType` varchar(45) DEFAULT NULL,
  PRIMARY KEY (`Passenger_id`),
  KEY `User_id` (`User_id`),
  KEY `Train_no` (`Train_no`),
  CONSTRAINT `passenger_ibfk_1` FOREIGN KEY (`User_id`) REFERENCES `user` (`User_id`),
  CONSTRAINT `passenger_ibfk_2` FOREIGN KEY (`Train_no`) REFERENCES `train` (`Train_no`)
) ENGINE=InnoDB AUTO_INCREMENT=10 DEFAULT CHARSET=utf8mb4 COLLATE=utf8mb4_0900_ai_ci;
/*!40101 SET character_set_client = @saved_cs_client */;

--
-- Dumping data for table `passenger`
--

LOCK TABLES `passenger` WRITE;
/*!40000 ALTER TABLE `passenger` DISABLE KEYS */;
INSERT INTO `passenger` VALUES (1,1,'Aman','M',0,258,100,'G'),(2,1,'Isha','F',-1,259,100,'A'),(3,1,'Aman','M',-1,260,100,'A'),(4,1,'akanksha','F',-1,261,100,'A'),(5,1,'isha','F',0,262,100,'A'),(6,1,'Aditya','M',1,263,101,'A'),(7,1,'Aman','M',1,264,101,'A'),(8,1,'Aditya','M',1,265,101,'A'),(9,1,'Lavan','M',1,266,101,'A');
/*!40000 ALTER TABLE `passenger` ENABLE KEYS */;
UNLOCK TABLES;

--
-- Table structure for table `routes`
--

DROP TABLE IF EXISTS `routes`;
/*!40101 SET @saved_cs_client     = @@character_set_client */;
/*!50503 SET character_set_client = utf8mb4 */;
CREATE TABLE `routes` (
  `Route_id` int NOT NULL AUTO_INCREMENT,
  `From_city` varchar(50) DEFAULT NULL,
  `To_city` varchar(50) DEFAULT NULL,
  PRIMARY KEY (`Route_id`)
) ENGINE=InnoDB AUTO_INCREMENT=21 DEFAULT CHARSET=utf8mb4 COLLATE=utf8mb4_0900_ai_ci;
/*!40101 SET character_set_client = @saved_cs_client */;

--
-- Dumping data for table `routes`
--

LOCK TABLES `routes` WRITE;
/*!40000 ALTER TABLE `routes` DISABLE KEYS */;
INSERT INTO `routes` VALUES (1,'CHENNAI','HYDERABAD'),(2,'CHENNAI','BANGALORE'),(3,'CHENNAI','MUMBAI'),(4,'CHENNAI','DELHI'),(5,'HYDERABAD','CHENNAI'),(6,'HYDERABAD','BENGALORE'),(7,'HYDERABAD','MUMBAI'),(8,'HYDERABAD','DELHI'),(9,'BENGALORE','CHENNAI'),(10,'BENGALORE','HYDERABAD'),(11,'BENGALORE','MUMBAI'),(12,'BENGALORE','DELHI'),(13,'MUMBAI','CHENNAI'),(14,'MUMBAI','HYDERABAD'),(15,'MUMBAI','BENGALORE'),(16,'MUMBAI','DELHI'),(17,'DELHI','CHENNAI'),(18,'DELHI','HYDERABAD'),(19,'DELHI','BENGALORE'),(20,'DELHI','MUMBAI');
/*!40000 ALTER TABLE `routes` ENABLE KEYS */;
UNLOCK TABLES;

--
-- Table structure for table `train`
--

DROP TABLE IF EXISTS `train`;
/*!40101 SET @saved_cs_client     = @@character_set_client */;
/*!50503 SET character_set_client = utf8mb4 */;
CREATE TABLE `train` (
  `Train_no` int NOT NULL AUTO_INCREMENT,
  `Train_name` varchar(50) DEFAULT NULL,
  `Arrival_time` time DEFAULT NULL,
  `Departure_time` time DEFAULT NULL,
  `Duration` int DEFAULT NULL,
  `Availability_of_seats` int DEFAULT NULL,
  `General_seats` int DEFAULT NULL,
  `AC_seats` int DEFAULT NULL,
  `Fare_general` decimal(10,2) DEFAULT NULL,
  `Fare_AC` decimal(10,2) DEFAULT NULL,
  `Date_of_passing` date DEFAULT NULL,
  `Route_id` int DEFAULT NULL,
  PRIMARY KEY (`Train_no`),
  KEY `Route_id` (`Route_id`),
  CONSTRAINT `train_ibfk_1` FOREIGN KEY (`Route_id`) REFERENCES `routes` (`Route_id`)
) ENGINE=InnoDB AUTO_INCREMENT=359 DEFAULT CHARSET=utf8mb4 COLLATE=utf8mb4_0900_ai_ci;
/*!40101 SET character_set_client = @saved_cs_client */;

--
-- Dumping data for table `train`
--

LOCK TABLES `train` WRITE;
/*!40000 ALTER TABLE `train` DISABLE KEYS */;
INSERT INTO `train` VALUES (100,'Kcg Cgl Exp','17:00:00','07:30:00',870,59,51,8,400.00,800.00,'2022-12-05',5),(101,'Kcg Cgl Exp','17:00:00','07:30:00',870,56,50,6,400.00,800.00,'2022-12-06',5),(102,'Kcg Cgl Exp','17:00:00','07:30:00',870,60,50,10,400.00,800.00,'2022-12-07',5),(103,'Kcg Cgl Exp','17:00:00','07:30:00',870,60,50,10,400.00,800.00,'2022-12-08',5),(104,'Kcg Cgl Exp','17:00:00','07:30:00',870,60,50,10,400.00,800.00,'2022-12-09',5),(105,'Kcg Cgl Exp','17:00:00','07:30:00',870,60,50,10,400.00,800.00,'2022-12-10',5),(106,'Chennai Hyderabad Exp','16:45:00','05:45:00',780,60,40,20,415.00,1000.00,'2022-12-05',1),(107,'Chennai Hyderabad Exp','16:45:00','05:45:00',780,60,40,20,415.00,1000.00,'2022-12-06',1),(108,'Chennai Hyderabad Exp','16:45:00','05:45:00',780,60,40,20,415.00,1000.00,'2022-12-07',1),(109,'Chennai Hyderabad Exp','16:45:00','05:45:00',780,60,40,20,415.00,1000.00,'2022-12-08',1),(110,'Chennai Hyderabad Exp','16:45:00','05:45:00',780,60,40,20,415.00,1000.00,'2022-12-09',1),(111,'Chennai Hyderabad Exp','16:45:00','05:45:00',780,60,40,20,415.00,1000.00,'2022-12-10',1),(112,'Brindavan Exp','07:40:00','13:40:00',360,100,50,50,155.00,560.00,'2022-12-05',2),(113,'Brindavan Exp','07:40:00','13:40:00',360,100,50,50,155.00,560.00,'2022-12-06',2),(114,'Brindavan Exp','07:40:00','13:40:00',360,100,50,50,155.00,560.00,'2022-12-07',2),(115,'Brindavan Exp','07:40:00','13:40:00',360,100,50,50,155.00,560.00,'2022-12-08',2),(116,'Brindavan Exp','07:40:00','13:40:00',360,100,50,50,155.00,560.00,'2022-12-09',2),(117,'Brindavan Exp','07:40:00','13:40:00',360,100,50,50,155.00,560.00,'2022-12-10',2),(118,'Kaveri Exp','21:15:00','03:45:00',390,100,80,20,235.00,635.00,'2022-12-05',2),(119,'Kaveri Exp','21:15:00','03:45:00',390,100,80,20,235.00,635.00,'2022-12-07',2),(120,'Kaveri Exp','21:15:00','03:45:00',390,100,80,20,235.00,635.00,'2022-12-09',2),(121,'Kaveri Exp','21:15:00','03:45:00',390,100,80,20,235.00,635.00,'2022-12-11',2),(122,'Kaveri Exp','21:15:00','03:45:00',390,100,80,20,235.00,635.00,'2022-12-13',2),(123,'Kaveri Exp','21:15:00','03:45:00',390,100,80,20,235.00,635.00,'2022-12-15',2),(124,'Ms Csmt Exp','06:20:00','05:50:00',1410,200,100,100,595.00,1560.00,'2022-12-05',3),(125,'Ms Csmt Exp','06:20:00','05:50:00',1410,200,100,100,595.00,1560.00,'2022-12-07',3),(126,'Ms Csmt Exp','06:20:00','05:50:00',1410,200,100,100,595.00,1560.00,'2022-12-09',3),(127,'Ms Csmt Exp','06:20:00','05:50:00',1410,200,100,100,595.00,1560.00,'2022-12-11',3),(128,'Ms Csmt Exp','06:20:00','05:50:00',1410,200,100,100,595.00,1560.00,'2022-12-13',3),(129,'Ms Csmt Exp','06:20:00','05:50:00',1410,200,100,100,595.00,1560.00,'2022-12-15',3),(130,'Kik Ltt Exp','21:15:00','20:30:00',1395,100,50,50,565.00,1410.00,'2022-12-05',3),(131,'Kik Ltt Exp','21:15:00','20:30:00',1395,100,50,50,565.00,1410.00,'2022-12-06',3),(132,'Kik Ltt Exp','21:15:00','20:30:00',1395,100,50,50,565.00,1410.00,'2022-12-07',3),(133,'Kik Ltt Exp','21:15:00','20:30:00',1395,100,50,50,565.00,1410.00,'2022-12-08',3),(134,'Kik Ltt Exp','21:15:00','20:30:00',1395,100,50,50,565.00,1410.00,'2022-12-09',3),(135,'Kik Ltt Exp','21:15:00','20:30:00',1395,100,50,50,565.00,1410.00,'2022-12-10',3),(136,'Mas Nzm Duronto Exp','06:35:00','10:40:00',1685,10,5,5,1700.00,3245.00,'2022-12-05',4),(137,'Mas Nzm Duronto Exp','06:35:00','10:40:00',1685,10,5,5,1700.00,3245.00,'2022-12-08',4),(138,'Mas Nzm Duronto Exp','06:35:00','10:40:00',1685,10,5,5,1700.00,3245.00,'2022-12-11',4),(139,'Mas Nzm Duronto Exp','06:35:00','10:40:00',1685,10,5,5,1700.00,3245.00,'2022-12-14',4),(140,'Mas Nzm Duronto Exp','06:35:00','10:40:00',1685,10,5,5,1700.00,3245.00,'2022-12-17',4),(141,'Mas Nzm Duronto Exp','06:35:00','10:40:00',1685,10,5,5,1700.00,3245.00,'2022-12-20',4),(142,'Grand Trunk Exp','18:50:00','05:05:00',2055,10,5,5,820.00,2140.00,'2022-12-05',4),(143,'Grand Trunk Exp','18:50:00','05:05:00',2055,10,5,5,820.00,2140.00,'2022-12-06',4),(144,'Grand Trunk Exp','18:50:00','05:05:00',2055,10,5,5,820.00,2140.00,'2022-12-07',4),(145,'Grand Trunk Exp','18:50:00','05:05:00',2055,10,5,5,820.00,2140.00,'2022-12-08',4),(146,'Grand Trunk Exp','18:50:00','05:05:00',2055,10,5,5,820.00,2140.00,'2022-12-09',4),(147,'Grand Trunk Exp','18:50:00','05:05:00',2055,10,5,5,820.00,2140.00,'2022-12-10',4),(148,'Chennai Sf Exp','17:10:00','05:40:00',750,5,3,2,420.00,1090.00,'2022-12-05',5),(149,'Chennai Sf Exp','17:10:00','05:40:00',750,5,3,2,420.00,1090.00,'2022-12-06',5),(150,'Chennai Sf Exp','17:10:00','05:40:00',750,5,3,2,420.00,1090.00,'2022-12-07',5),(151,'Chennai Sf Exp','17:10:00','05:40:00',750,5,3,2,420.00,1090.00,'2022-12-08',5),(152,'Chennai Sf Exp','17:10:00','05:40:00',750,5,3,2,420.00,1090.00,'2022-12-09',5),(153,'Chennai Sf Exp','17:10:00','05:40:00',750,5,3,2,420.00,1090.00,'2022-12-10',5),(154,'Wainganga Exp','01:20:00','13:30:00',730,50,25,25,375.00,985.00,'2022-12-05',6),(155,'Wainganga Exp','01:20:00','13:30:00',730,50,25,25,375.00,985.00,'2022-12-06',6),(156,'Wainganga Exp','01:20:00','13:30:00',730,50,25,25,375.00,985.00,'2022-12-07',6),(157,'Wainganga Exp','01:20:00','13:30:00',730,50,25,25,375.00,985.00,'2022-12-08',6),(158,'Wainganga Exp','01:20:00','13:30:00',730,50,25,25,375.00,985.00,'2022-12-09',6),(159,'Wainganga Exp','01:20:00','13:30:00',730,50,25,25,375.00,985.00,'2022-12-10',6),(160,'Ypr Sampark Exp','08:30:00','05:30:00',1260,50,25,25,540.00,1420.00,'2022-12-05',6),(161,'Ypr Sampark Exp','08:30:00','05:30:00',1260,50,25,25,540.00,1420.00,'2022-12-07',6),(162,'Ypr Sampark Exp','08:30:00','05:30:00',1260,50,25,25,540.00,1420.00,'2022-12-09',6),(163,'Ypr Sampark Exp','08:30:00','05:30:00',1260,50,25,25,540.00,1420.00,'2022-12-11',6),(164,'Ypr Sampark Exp','08:30:00','05:30:00',1260,50,25,25,540.00,1420.00,'2022-12-13',6),(165,'Ypr Sampark Exp','08:30:00','05:30:00',1260,50,25,25,540.00,1420.00,'2022-12-15',6),(166,'Konark Exp','11:00:00','04:00:00',1020,30,15,15,415.00,1120.00,'2022-12-05',7),(167,'Konark Exp','11:00:00','04:00:00',1020,30,15,15,415.00,1120.00,'2022-12-06',7),(168,'Konark Exp','11:00:00','04:00:00',1020,30,15,15,415.00,1120.00,'2022-12-07',7),(169,'Konark Exp','11:00:00','04:00:00',1020,30,15,15,415.00,1120.00,'2022-12-08',7),(170,'Konark Exp','11:00:00','04:00:00',1020,30,15,15,415.00,1120.00,'2022-12-09',7),(171,'Konark Exp','11:00:00','04:00:00',1020,30,15,15,415.00,1120.00,'2022-12-10',7),(172,'Vishakapatnam Ltt Special Exp','12:55:00','04:15:00',920,30,15,15,410.00,1110.00,'2022-12-05',7),(173,'Vishakapatnam Ltt Special Exp','12:55:00','04:15:00',920,30,15,15,410.00,1110.00,'2022-12-06',7),(174,'Vishakapatnam Ltt Special Exp','12:55:00','04:15:00',920,30,15,15,410.00,1110.00,'2022-12-07',7),(175,'Vishakapatnam Ltt Special Exp','12:55:00','04:15:00',920,30,15,15,410.00,1110.00,'2022-12-08',7),(176,'Vishakapatnam Ltt Special Exp','12:55:00','04:15:00',920,30,15,15,410.00,1110.00,'2022-12-09',7),(177,'Vishakapatnam Ltt Special Exp','12:55:00','04:15:00',920,30,15,15,410.00,1110.00,'2022-12-10',7),(178,'Telangana Exp','06:00:00','07:40:00',1560,30,15,15,695.00,1825.00,'2022-12-05',8),(179,'Telangana Exp','06:00:00','07:40:00',1560,30,15,15,695.00,1825.00,'2022-12-06',8),(180,'Telangana Exp','06:00:00','07:40:00',1560,30,15,15,695.00,1825.00,'2022-12-07',8),(181,'Telangana Exp','06:00:00','07:40:00',1560,30,15,15,695.00,1825.00,'2022-12-08',8),(182,'Telangana Exp','06:00:00','07:40:00',1560,30,15,15,695.00,1825.00,'2022-12-09',8),(183,'Telangana Exp','06:00:00','07:40:00',1560,30,15,15,695.00,1825.00,'2022-12-10',8),(184,'Rajdhani Exp','07:15:00','05:30:00',1335,10,5,5,1020.00,3420.00,'2022-12-05',8),(185,'Rajdhani Exp','07:15:00','05:30:00',1335,10,5,5,1020.00,3420.00,'2022-12-07',8),(186,'Rajdhani Exp','07:15:00','05:30:00',1335,10,5,5,1020.00,3420.00,'2022-12-09',8),(187,'Rajdhani Exp','07:15:00','05:30:00',1335,10,5,5,1020.00,3420.00,'2022-12-11',8),(188,'Rajdhani Exp','07:15:00','05:30:00',1335,10,5,5,1020.00,3420.00,'2022-12-13',8),(189,'Rajdhani Exp','07:15:00','05:30:00',1335,10,5,5,1020.00,3420.00,'2022-12-15',8),(190,'Lalbagh Exp','06:20:00','12:15:00',355,100,50,50,160.00,560.00,'2022-12-05',9),(191,'Lalbagh Exp','06:20:00','12:15:00',355,100,50,50,160.00,560.00,'2022-12-06',9),(192,'Lalbagh Exp','06:20:00','12:15:00',355,100,50,50,160.00,560.00,'2022-12-07',9),(193,'Lalbagh Exp','06:20:00','12:15:00',355,100,50,50,160.00,560.00,'2022-12-08',9),(194,'Lalbagh Exp','06:20:00','12:15:00',355,100,50,50,160.00,560.00,'2022-12-09',9),(195,'Lalbagh Exp','06:20:00','12:15:00',355,100,50,50,160.00,560.00,'2022-12-10',9),(196,'Sanghamitra Exp','09:15:00','14:35:00',320,5,3,2,255.00,660.00,'2022-12-05',9),(197,'Sanghamitra Exp','09:15:00','14:35:00',320,5,3,2,255.00,660.00,'2022-12-06',9),(198,'Sanghamitra Exp','09:15:00','14:35:00',320,5,3,2,255.00,660.00,'2022-12-07',9),(199,'Sanghamitra Exp','09:15:00','14:35:00',320,5,3,2,255.00,660.00,'2022-12-08',9),(200,'Sanghamitra Exp','09:15:00','14:35:00',320,5,3,2,255.00,660.00,'2022-12-09',9),(201,'Sanghamitra Exp','09:15:00','14:35:00',320,5,3,2,255.00,660.00,'2022-12-10',9),(202,'Sampark kranti Exp','13:50:00','08:10:00',1100,5,3,2,540.00,1420.00,'2022-12-05',10),(203,'Sampark kranti Exp','13:50:00','08:10:00',1100,5,3,2,540.00,1420.00,'2022-12-06',10),(204,'Sampark kranti Exp','13:50:00','08:10:00',1100,5,3,2,540.00,1420.00,'2022-12-07',10),(205,'Sampark kranti Exp','13:50:00','08:10:00',1100,5,3,2,540.00,1420.00,'2022-12-08',10),(206,'Sampark kranti Exp','13:50:00','08:10:00',1100,5,3,2,540.00,1420.00,'2022-12-09',10),(207,'Sampark kranti Exp','13:50:00','08:10:00',1100,5,3,2,540.00,1420.00,'2022-12-10',10),(208,'Sc Garib Rath Exp','16:15:00','04:25:00',730,10,10,0,770.00,0.00,'2022-12-05',10),(209,'Sc Garib Rath Exp','16:15:00','04:25:00',730,10,10,0,770.00,0.00,'2022-12-06',10),(210,'Sc Garib Rath Exp','16:15:00','04:25:00',730,10,10,0,770.00,0.00,'2022-12-07',10),(211,'Sc Garib Rath Exp','16:15:00','04:25:00',730,10,10,0,770.00,0.00,'2022-12-08',10),(212,'Sc Garib Rath Exp','16:15:00','04:25:00',730,10,10,0,770.00,0.00,'2022-12-09',10),(213,'Sc Garib Rath Exp','16:15:00','04:25:00',730,10,10,0,770.00,0.00,'2022-12-10',10),(214,'Chalukya Exp','04:43:00','05:30:00',1487,10,8,2,530.00,1475.00,'2022-12-05',11),(215,'Chalukya Exp','04:43:00','05:30:00',1487,10,8,2,530.00,1475.00,'2022-12-06',11),(216,'Chalukya Exp','04:43:00','05:30:00',1487,10,8,2,530.00,1475.00,'2022-12-07',11),(217,'Chalukya Exp','04:43:00','05:30:00',1487,10,8,2,530.00,1475.00,'2022-12-08',11),(218,'Chalukya Exp','04:43:00','05:30:00',1487,10,8,2,530.00,1475.00,'2022-12-09',11),(219,'Chalukya Exp','04:43:00','05:30:00',1487,10,8,2,530.00,1475.00,'2022-12-10',11),(220,'Jodhpur Exp','22:20:00','22:40:00',1460,10,5,5,545.00,2100.00,'2022-12-05',11),(221,'Jodhpur Exp','22:20:00','22:40:00',1460,10,5,5,545.00,2100.00,'2022-12-06',11),(222,'Jodhpur Exp','22:20:00','22:40:00',1460,10,5,5,545.00,2100.00,'2022-12-07',11),(223,'Jodhpur Exp','22:20:00','22:40:00',1460,10,5,5,545.00,2100.00,'2022-12-08',11),(224,'Jodhpur Exp','22:20:00','22:40:00',1460,10,5,5,545.00,2100.00,'2022-12-09',11),(225,'Jodhpur Exp','22:20:00','22:40:00',1460,10,5,5,545.00,2100.00,'2022-12-10',11),(226,'Karnataka Exp','19:20:00','09:00:00',2260,10,5,5,930.00,2400.00,'2022-12-05',12),(227,'Karnataka Exp','19:20:00','09:00:00',2260,10,5,5,930.00,2400.00,'2022-12-07',12),(228,'Karnataka Exp','19:20:00','09:00:00',2260,10,5,5,930.00,2400.00,'2022-12-09',12),(229,'Karnataka Exp','19:20:00','09:00:00',2260,10,5,5,930.00,2400.00,'2022-12-11',12),(230,'Karnataka Exp','19:20:00','09:00:00',2260,10,5,5,930.00,2400.00,'2022-12-13',12),(231,'Karnataka Exp','19:20:00','09:00:00',2260,10,5,5,930.00,2400.00,'2022-12-15',12),(232,'Rajdhani Exp','20:00:00','05:30:00',2010,20,0,20,0.00,4245.00,'2022-12-05',12),(233,'Rajdhani Exp','20:00:00','05:30:00',2010,20,0,20,0.00,4245.00,'2022-12-06',12),(234,'Rajdhani Exp','20:00:00','05:30:00',2010,20,0,20,0.00,4245.00,'2022-12-07',12),(235,'Rajdhani Exp','20:00:00','05:30:00',2010,20,0,20,0.00,4245.00,'2022-12-08',12),(236,'Rajdhani Exp','20:00:00','05:30:00',2010,20,0,20,0.00,4245.00,'2022-12-09',12),(237,'Rajdhani Exp','20:00:00','05:30:00',2010,20,0,20,0.00,4245.00,'2022-12-10',12),(238,'Csmt Chennai Exp','12:45:00','10:50:00',1325,10,5,5,575.00,1505.00,'2022-12-05',13),(239,'Csmt Chennai Exp','12:45:00','10:50:00',1325,10,5,5,575.00,1505.00,'2022-12-06',13),(240,'Csmt Chennai Exp','12:45:00','10:50:00',1325,10,5,5,575.00,1505.00,'2022-12-07',13),(241,'Csmt Chennai Exp','12:45:00','10:50:00',1325,10,5,5,575.00,1505.00,'2022-12-08',13),(242,'Csmt Chennai Exp','12:45:00','10:50:00',1325,10,5,5,575.00,1505.00,'2022-12-09',13),(243,'Csmt Chennai Exp','12:45:00','10:50:00',1325,10,5,5,575.00,1505.00,'2022-12-10',13),(244,'Ltt Mas Exp','18:45:00','16:30:00',1305,10,5,5,590.00,1540.00,'2022-12-05',13),(245,'Ltt Mas Exp','18:45:00','16:30:00',1305,10,5,5,590.00,1540.00,'2022-12-07',13),(246,'Ltt Mas Exp','18:45:00','16:30:00',1305,10,5,5,590.00,1540.00,'2022-12-09',13),(247,'Ltt Mas Exp','18:45:00','16:30:00',1305,10,5,5,590.00,1540.00,'2022-12-11',13),(248,'Ltt Mas Exp','18:45:00','16:30:00',1305,10,5,5,590.00,1540.00,'2022-12-13',13),(249,'Ltt Mas Exp','18:45:00','16:30:00',1305,10,5,5,590.00,1540.00,'2022-12-15',13),(250,'Ltt Mas Exp','18:45:00','16:30:00',1305,10,5,5,590.00,1540.00,'2022-12-17',13),(251,'Ltt Kurukshetra Exp','06:55:00','20:30:00',815,5,3,2,410.00,1110.00,'2022-12-05',14),(252,'Ltt Kurukshetra Exp','06:55:00','20:30:00',815,5,3,2,410.00,1110.00,'2022-12-06',14),(253,'Ltt Kurukshetra Exp','06:55:00','20:30:00',815,5,3,2,410.00,1110.00,'2022-12-07',14),(254,'Ltt Kurukshetra Exp','06:55:00','20:30:00',815,5,3,2,410.00,1110.00,'2022-12-08',14),(255,'Ltt Kurukshetra Exp','06:55:00','20:30:00',815,5,3,2,410.00,1110.00,'2022-12-09',14),(256,'Ltt Kurukshetra Exp','06:55:00','20:30:00',815,5,3,2,410.00,1110.00,'2022-12-10',14),(257,'Konark Exp','14:00:00','03:20:00',800,14,12,2,415.00,1120.00,'2022-12-05',14),(258,'Konark Exp','14:00:00','03:20:00',800,14,12,2,415.00,1120.00,'2022-12-06',14),(259,'Konark Exp','14:00:00','03:20:00',800,14,12,2,415.00,1120.00,'2022-12-07',14),(260,'Konark Exp','14:00:00','03:20:00',800,14,12,2,415.00,1120.00,'2022-12-08',14),(261,'Konark Exp','14:00:00','03:20:00',800,14,12,2,415.00,1120.00,'2022-12-09',14),(262,'Konark Exp','14:00:00','03:20:00',800,14,12,2,415.00,1120.00,'2022-12-10',14),(263,'Udyan Express','08:10:00','06:00:00',1310,15,7,8,525.00,1330.00,'2022-12-05',15),(264,'Udyan Express','08:10:00','06:00:00',1310,15,7,8,525.00,1330.00,'2022-12-06',15),(265,'Udyan Express','08:10:00','06:00:00',1310,15,7,8,525.00,1330.00,'2022-12-07',15),(266,'Udyan Express','08:10:00','06:00:00',1310,15,7,8,525.00,1330.00,'2022-12-08',15),(267,'Udyan Express','08:10:00','06:00:00',1310,15,7,8,525.00,1330.00,'2022-12-09',15),(268,'Udyan Express','08:10:00','06:00:00',1310,15,7,8,525.00,1330.00,'2022-12-10',15),(269,'Bkn Ypr Express','13:55:00','15:45:00',1550,10,5,5,560.00,1495.00,'2022-12-05',15),(270,'Bkn Ypr Express','13:55:00','15:45:00',1550,10,5,5,560.00,1495.00,'2022-12-07',15),(271,'Bkn Ypr Express','13:55:00','15:45:00',1550,10,5,5,560.00,1495.00,'2022-12-09',15),(272,'Bkn Ypr Express','13:55:00','15:45:00',1550,10,5,5,560.00,1495.00,'2022-12-11',15),(273,'Bkn Ypr Express','13:55:00','15:45:00',1550,10,5,5,560.00,1495.00,'2022-12-13',15),(274,'Bkn Ypr Express','13:55:00','15:45:00',1550,10,5,5,560.00,1495.00,'2022-12-15',15),(275,'Bandra Haridwar Express','00:05:00','02:30:00',1585,20,10,10,575.00,1565.00,'2022-12-05',16),(276,'Bandra Haridwar Express','00:05:00','02:30:00',1585,20,10,10,575.00,1565.00,'2022-12-06',16),(277,'Bandra Haridwar Express','00:05:00','02:30:00',1585,20,10,10,575.00,1565.00,'2022-12-07',16),(278,'Bandra Haridwar Express','00:05:00','02:30:00',1585,20,10,10,575.00,1565.00,'2022-12-08',16),(279,'Bandra Haridwar Express','00:05:00','02:30:00',1585,20,10,10,575.00,1565.00,'2022-12-09',16),(280,'Bandra Haridwar Express','00:05:00','02:30:00',1585,20,10,10,575.00,1565.00,'2022-12-10',16),(281,'Swaraj Express','11:00:00','05:25:00',1105,20,10,10,615.00,1610.00,'2022-12-05',16),(282,'Swaraj Express','11:00:00','05:25:00',1105,20,10,10,615.00,1610.00,'2022-12-07',16),(283,'Swaraj Express','11:00:00','05:25:00',1105,20,10,10,615.00,1610.00,'2022-12-09',16),(284,'Swaraj Express','11:00:00','05:25:00',1105,20,10,10,615.00,1610.00,'2022-12-11',16),(285,'Swaraj Express','11:00:00','05:25:00',1105,20,10,10,615.00,1610.00,'2022-12-13',16),(286,'Swaraj Express','11:00:00','05:25:00',1105,20,10,10,615.00,1610.00,'2022-12-15',16),(287,'Nzm Cape Sf Express','05:20:00','16:43:00',2123,20,10,10,825.00,2150.00,'2022-12-05',17),(288,'Nzm Cape Sf Express','05:20:00','16:43:00',2123,20,10,10,825.00,2150.00,'2022-12-07',17),(289,'Nzm Cape Sf Express','05:20:00','16:43:00',2123,20,10,10,825.00,2150.00,'2022-12-09',17),(290,'Nzm Cape Sf Express','05:20:00','16:43:00',2123,20,10,10,825.00,2150.00,'2022-12-11',17),(291,'Nzm Cape Sf Express','05:20:00','16:43:00',2123,20,10,10,825.00,2150.00,'2022-12-13',17),(292,'Nzm Cape Sf Express','05:20:00','16:43:00',2123,20,10,10,825.00,2150.00,'2022-12-15',17),(293,'Mas Garib Express','15:35:00','20:55:00',1760,20,0,20,0.00,1500.00,'2022-12-05',17),(294,'Mas Garib Express','15:35:00','20:55:00',1760,20,0,20,0.00,1500.00,'2022-12-06',17),(295,'Mas Garib Express','15:35:00','20:55:00',1760,20,0,20,0.00,1500.00,'2022-12-07',17),(296,'Mas Garib Express','15:35:00','20:55:00',1760,20,0,20,0.00,1500.00,'2022-12-08',17),(297,'Mas Garib Express','15:35:00','20:55:00',1760,20,0,20,0.00,1500.00,'2022-12-09',17),(298,'Mas Garib Express','15:35:00','20:55:00',1760,20,0,20,0.00,1500.00,'2022-12-10',17),(299,'Ypr Sampark Krt Express','08:20:00','08:20:00',1440,20,10,10,695.00,1825.00,'2022-12-05',18),(300,'Ypr Sampark Krt Express','08:20:00','08:20:00',1440,20,10,10,695.00,1825.00,'2022-12-06',18),(301,'Ypr Sampark Krt Express','08:20:00','08:20:00',1440,20,10,10,695.00,1825.00,'2022-12-07',18),(302,'Ypr Sampark Krt Express','08:20:00','08:20:00',1440,20,10,10,695.00,1825.00,'2022-12-08',18),(303,'Ypr Sampark Krt Express','08:20:00','08:20:00',1440,20,10,10,695.00,1825.00,'2022-12-09',18),(304,'Ypr Sampark Krt Express','08:20:00','08:20:00',1440,20,10,10,695.00,1825.00,'2022-12-10',18),(305,'Sc Duronto Exp','15:55:00','14:10:00',1335,20,10,10,1435.00,3440.00,'2022-12-05',18),(306,'Sc Duronto Exp','15:55:00','14:10:00',1335,20,10,10,1435.00,3440.00,'2022-12-06',18),(307,'Sc Duronto Exp','15:55:00','14:10:00',1335,20,10,10,1435.00,3440.00,'2022-12-07',18),(308,'Sc Duronto Exp','15:55:00','14:10:00',1335,20,10,10,1435.00,3440.00,'2022-12-08',18),(309,'Sc Duronto Exp','15:55:00','14:10:00',1335,20,10,10,1435.00,3440.00,'2022-12-09',18),(310,'Sc Duronto Exp','15:55:00','14:10:00',1335,20,10,10,1435.00,3440.00,'2022-12-10',18),(311,'Sbc Rajdhani','19:50:00','05:20:00',2010,10,0,10,0.00,4245.00,'2022-12-05',19),(312,'Sbc Rajdhani','19:50:00','05:20:00',2010,10,0,10,0.00,4245.00,'2022-12-07',19),(313,'Sbc Rajdhani','19:50:00','05:20:00',2010,10,0,10,0.00,4245.00,'2022-12-09',19),(314,'Sbc Rajdhani','19:50:00','05:20:00',2010,10,0,10,0.00,4245.00,'2022-12-11',19),(315,'Sbc Rajdhani','19:50:00','05:20:00',2010,10,0,10,0.00,4245.00,'2022-12-13',19),(316,'Sbc Rajdhani','19:50:00','05:20:00',2010,10,0,10,0.00,4245.00,'2022-12-15',19),(317,'Karnataka Exp','20:20:00','12:00:00',2380,20,10,10,865.00,3250.00,'2022-12-05',19),(318,'Karnataka Exp','20:20:00','12:00:00',2380,20,10,10,865.00,3250.00,'2022-12-06',19),(319,'Karnataka Exp','20:20:00','12:00:00',2380,20,10,10,865.00,3250.00,'2022-12-07',19),(320,'Karnataka Exp','20:20:00','12:00:00',2380,20,10,10,865.00,3250.00,'2022-12-08',19),(321,'Karnataka Exp','20:20:00','12:00:00',2380,20,10,10,865.00,3250.00,'2022-12-09',19),(322,'Karnataka Exp','20:20:00','12:00:00',2380,20,10,10,865.00,3250.00,'2022-12-10',19),(323,'Golden temple M','04:00:00','23:35:00',1175,50,30,20,620.00,1630.00,'2022-12-05',20),(324,'Golden temple M','04:00:00','23:35:00',1175,50,30,20,620.00,1630.00,'2022-12-06',20),(325,'Golden temple M','04:00:00','23:35:00',1175,50,30,20,620.00,1630.00,'2022-12-07',20),(326,'Golden temple M','04:00:00','23:35:00',1175,50,30,20,620.00,1630.00,'2022-12-08',20),(327,'Golden temple M','04:00:00','23:35:00',1175,50,30,20,620.00,1630.00,'2022-12-09',20),(328,'Golden temple M','04:00:00','23:35:00',1175,50,30,20,620.00,1630.00,'2022-12-10',20),(329,'Nzm Tvc Sf Express','05:00:00','00:26:00',1166,50,30,20,620.00,1630.00,'2022-12-05',20),(330,'Nzm Tvc Sf Express','05:00:00','00:26:00',1166,50,30,20,620.00,1630.00,'2022-12-06',20),(331,'Nzm Tvc Sf Express','05:00:00','00:26:00',1166,50,30,20,620.00,1630.00,'2022-12-07',20),(332,'Nzm Tvc Sf Express','05:00:00','00:26:00',1166,50,30,20,620.00,1630.00,'2022-12-08',20),(333,'Nzm Tvc Sf Express','05:00:00','00:26:00',1166,50,30,20,620.00,1630.00,'2022-12-09',20),(334,'Nzm Tvc Sf Express','05:00:00','00:26:00',1166,50,30,20,620.00,1630.00,'2022-12-10',20),(335,'Cgl Kcg Exp','16:05:00','07:55:00',950,60,40,20,415.00,1125.00,'2022-12-05',1),(336,'Cgl Kcg Exp','16:05:00','07:55:00',950,60,40,20,415.00,1125.00,'2022-12-06',1),(337,'Cgl Kcg Exp','16:05:00','07:55:00',950,60,40,20,415.00,1125.00,'2022-12-07',1),(338,'Cgl Kcg Exp','16:05:00','07:55:00',950,60,40,20,415.00,1125.00,'2022-12-08',1),(339,'Cgl Kcg Exp','16:05:00','07:55:00',950,60,40,20,415.00,1125.00,'2022-12-09',1),(340,'Cgl Kcg Exp','16:05:00','07:55:00',950,60,40,20,415.00,1125.00,'2022-12-10',1),(341,'Charminar Express','17:10:00','07:50:00',880,40,20,20,450.00,1165.00,'2022-12-05',1),(342,'Charminar Express','17:10:00','07:50:00',880,40,20,20,450.00,1165.00,'2022-12-06',1),(343,'Charminar Express','17:10:00','07:50:00',880,40,20,20,450.00,1165.00,'2022-12-07',1),(344,'Charminar Express','17:10:00','07:50:00',880,40,20,20,450.00,1165.00,'2022-12-08',1),(345,'Charminar Express','17:10:00','07:50:00',880,40,20,20,450.00,1165.00,'2022-12-09',1),(346,'Charminar Express','17:10:00','07:50:00',880,40,20,20,450.00,1165.00,'2022-12-10',1),(347,'Ghy Smvb Exp','03:15:00','09:45:00',390,60,40,20,255.00,660.00,'2022-12-05',2),(348,'Ghy Smvb Exp','03:15:00','09:45:00',390,60,40,20,255.00,660.00,'2022-12-06',2),(349,'Ghy Smvb Exp','03:15:00','09:45:00',390,60,40,20,255.00,660.00,'2022-12-07',2),(350,'Ghy Smvb Exp','03:15:00','09:45:00',390,60,40,20,255.00,660.00,'2022-12-08',2),(351,'Ghy Smvb Exp','03:15:00','09:45:00',390,60,40,20,255.00,660.00,'2022-12-09',2),(352,'Ghy Smvb Exp','03:15:00','09:45:00',390,60,40,20,255.00,660.00,'2022-12-10',2),(353,'Mys Vandebharat','05:50:00','10:15:00',265,40,0,40,0.00,995.00,'2022-12-05',2),(354,'Mys Vandebharat','05:50:00','10:15:00',265,40,0,40,0.00,995.00,'2022-12-06',2),(355,'Mys Vandebharat','05:50:00','10:15:00',265,40,0,40,0.00,995.00,'2022-12-07',2),(356,'Mys Vandebharat','05:50:00','10:15:00',265,40,0,40,0.00,995.00,'2022-12-08',2),(357,'Mys Vandebharat','05:50:00','10:15:00',265,40,0,40,0.00,995.00,'2022-12-09',2),(358,'Mys Vandebharat','05:50:00','10:15:00',265,40,0,40,0.00,995.00,'2022-12-10',2);
/*!40000 ALTER TABLE `train` ENABLE KEYS */;
UNLOCK TABLES;

--
-- Table structure for table `user`
--

DROP TABLE IF EXISTS `user`;
/*!40101 SET @saved_cs_client     = @@character_set_client */;
/*!50503 SET character_set_client = utf8mb4 */;
CREATE TABLE `user` (
  `User_id` int NOT NULL AUTO_INCREMENT,
  `FirstName` varchar(50) NOT NULL,
  `LastName` varchar(50) NOT NULL,
  `Gender` char(1) NOT NULL,
  `Mobile` varchar(50) NOT NULL,
  `Email` varchar(50) NOT NULL,
  `Password` varchar(45) NOT NULL,
  PRIMARY KEY (`User_id`),
  UNIQUE KEY `Email_UNIQUE` (`Email`),
  UNIQUE KEY `Mobile_UNIQUE` (`Mobile`)
) ENGINE=InnoDB AUTO_INCREMENT=8 DEFAULT CHARSET=utf8mb4 COLLATE=utf8mb4_0900_ai_ci;
/*!40101 SET character_set_client = @saved_cs_client */;

--
-- Dumping data for table `user`
--

LOCK TABLES `user` WRITE;
/*!40000 ALTER TABLE `user` DISABLE KEYS */;
INSERT INTO `user` VALUES (1,'Aditya','Prakash','M','7667283566','aditya@gmail.com','aditya'),(2,'Aman','Singh','M','7667283577','aman@gmail.com','aman'),(4,'test','acc','M','7667283500','test@gmail.com','test'),(5,'test1','acc1','M','7667283511','test1@gmail.com','test'),(6,'Sarika','Bali','F','7667283333','sarika@gmail.com','sarika'),(7,'Lavan','Andhavarapu','M','7667283535','lavan@gmail.com','lavan');
/*!40000 ALTER TABLE `user` ENABLE KEYS */;
UNLOCK TABLES;
/*!40103 SET TIME_ZONE=@OLD_TIME_ZONE */;

/*!40101 SET SQL_MODE=@OLD_SQL_MODE */;
/*!40014 SET FOREIGN_KEY_CHECKS=@OLD_FOREIGN_KEY_CHECKS */;
/*!40014 SET UNIQUE_CHECKS=@OLD_UNIQUE_CHECKS */;
/*!40101 SET CHARACTER_SET_CLIENT=@OLD_CHARACTER_SET_CLIENT */;
/*!40101 SET CHARACTER_SET_RESULTS=@OLD_CHARACTER_SET_RESULTS */;
/*!40101 SET COLLATION_CONNECTION=@OLD_COLLATION_CONNECTION */;
/*!40111 SET SQL_NOTES=@OLD_SQL_NOTES */;

-- Dump completed on 2022-12-07 11:46:45
